id,name,lat,lon,line,direction
490003597G,Sudbury & Harrow Road Station,51.55384,-0.31436,18,1
490013363E,Chaplin Road,51.55189,-0.31017,18,1
490005583E,Copland Avenue,51.55196,-0.305,18,1
490006299A,Ealing Road,51.55222,-0.30078,18,1
490000256F,Wembley Central Station,51.55243,-0.29755,18,1
490005584K,Ark Elvin Academy / Park Lane,51.55365,-0.29214,18,1
490014387E2,Wembley Triangle,51.55361,-0.28835,18,1
490014315N1,Waverley Avenue,51.55263,-0.28485,18,1
490013797S,Tring Avenue,51.55002,-0.28149,18,1
490007867E,Flamsted Avenue,51.54844,-0.27851,18,1
490014975E,Wyld Way,51.54724,-0.27529,18,1
490010337D,Stonebridge Park Stn   / Point Place,51.54555,-0.27298,18,1
490010332J,North Circular Road,51.54374,-0.27097,18,1
490005452E,Sunny Crescent,51.54301,-0.26931,18,1
490012847E,West End Close,51.56001,-0.26468,18,1
490012848E,Shakespeare Road,51.54125,-0.26051,18,1
490008865E,Knatchbull Road,51.54141,-0.25779,18,1
490005720E,Craven Park,51.54073,-0.25526,18,1
490012803E,St Mary's Road,51.53919,-0.25126,18,1
490009571A,Tavistock Road,51.53713,-0.24627,18,1
490013826G,Nightingale Road,51.53438,-0.24225,18,1
490005491E,Scrubs Lane,51.53243,-0.2362,18,1
490014076E,Victor Road,51.53138,-0.23133,18,1
490012788E,St Mary's Cemetery,51.53064,-0.22896,18,1
490000122E,Kensal Green Station,51.53014,-0.2248,18,1
490014700E,Berens Road,51.52913,-0.22037,18,1
490008711X,Kilburn Lane,51.52828,-0.21676,18,1
490006832E,Fifth Avenue,51.52716,-0.21291,18,1
490013613E,Third Avenue,51.52675,-0.20902,18,1
490011135E,Portnall Road,51.52571,-0.20437,18,1
490003444E,Great Western Road / Elgin Avenue,51.5247,-0.20251,18,1
490007865E,Westminster Register Office,51.52364,-0.19862,18,1
490013054E,Sutherland Avenue,51.52276,-0.19414,18,1
490005320E,Westminster Academy / Cirencester Street,51.52088,-0.19182,18,1
490000196C,Royal Oak Station,51.51991,-0.18942,18,1
490015473E,Westbourne Terrace,51.51976,-0.18558,18,1
490014250E,Bishops Bridge Road / Little Venice,51.52042,-0.17928,18,1
490010713E,Edgware Road,51.52013,-0.17151,18,1
490000071E,Edgware Road Station  / Bakerloo Line,51.52023,-0.169,18,1
490015502N,Marylebone Station,51.52137,-0.16235,18,1
490015040W,Old Marylebone Town Hall,51.52202,-0.15888,18,1
490000011D,Baker Street Station,51.52242,-0.15628,18,1
490007807E,Harley Street,51.52336,-0.14954,18,1
490000191A,Regent's Park Station,51.52376,-0.14703,18,1
490000091H,Great Portland St Stn  / Euston Rd,51.52402,-0.14291,18,1
490000252KA,Warren Street Station,51.52491,-0.13952,18,1
490000078Q,Euston Square Station,51.5256,-0.13685,18,1
490000077AZ,Euston Station,51.52666,-0.1329,18,1
490000077E,Euston Station,51.52777,-0.1317,18,2
490000077H,Euston Station,51.52651,-0.13289,18,2
490000078P,Euston Square Station,51.52569,-0.13534,18,2
4900020147W,University Coll Hosp / Warren St Stn,51.52522,-0.13671,18,2
490000252V,Warren Street Stn / Tottenham Court Rd,51.52458,-0.13919,18,2
490000091G,Great Portland Street Station,51.5239,-0.14387,18,2
490000191B,Regent's Park Station,51.52362,-0.14661,18,2
490007807W,Harley Street,51.52317,-0.14957,18,2
490000011E,Baker Street Station,51.52222,-0.15626,18,2
490015040Z,Gloucester Place,51.52184,-0.15871,18,2
490015502P,Marylebone Station,51.52152,-0.16039,18,2
490010567H,Old Marylebone Road,51.5205,-0.16651,18,2
490000072W,Edgware Road Station,51.51991,-0.16895,18,2
490010713F,Edgware Road,51.51978,-0.17164,18,2
490014552W,Hermitage Street,51.51982,-0.17555,18,2
490004039S,Bishops Bridge Road / Little Venice,51.51973,-0.17842,18,2
490000196W,Royal Oak Station,51.51959,-0.18938,18,2
490005320W,Westminster Academy / Cirencester Street,51.52093,-0.19214,18,2
490013054W,Sutherland Avenue,51.52286,-0.19455,18,2
490007865H,Westminster Registration Office,51.52378,-0.20031,18,2
490003444W,Ashmore Road,51.52481,-0.20289,18,2
490007666W,Second Avenue,51.52633,-0.20684,18,2
490006832W,Fifth Avenue / Queen's Park Library,51.52691,-0.21148,18,2
490008711V,Ladbroke Grove / Kilburn Lane,51.52748,-0.21496,18,2
490014700W,Kensal Green Cemetery,51.52841,-0.21747,18,2
490000122W,Kensal Green Station,51.52984,-0.22353,18,2
490012788W,St Mary's Cemetery,51.53009,-0.22727,18,2
490014962W,Wrottesley Road,51.53211,-0.23317,18,2
490005491W,Scrubs Lane,51.53231,-0.23612,18,2
490015057H,Willesden Junction Station,51.53289,-0.24019,18,2
490008187F,Park Parade,51.53574,-0.24445,18,2
490007803X,Harlesden Jubilee Clock,51.53603,-0.24771,18,2
490012803Z,St Mary's Road,51.539,-0.25109,18,2
490005720W,Craven Park,51.54028,-0.25437,18,2
490008865W,Knatchbull Road,51.54129,-0.25774,18,2
490012848W,Shakespeare Road,51.54105,-0.26183,18,2
490012847W,First Drive,51.54252,-0.26748,18,2
490010332K,North Circular Road,51.54366,-0.27123,18,2
490009981N,Stonebridge Park Stn   / Point Place,51.54594,-0.27352,18,2
490006871N,Flamsted Avenue,51.54843,-0.27887,18,2
490013797N,Tring Avenue,51.55025,-0.28209,18,2
490014315N2,Waverley Avenue,51.55267,-0.28517,18,2
490015558W2,Cecil Avenue,51.55365,-0.28999,18,2
490014378M,Ark Elvin Academy / Park Lane,51.55351,-0.2918,18,2
490000256H,Wembley Central Station,51.55224,-0.29779,18,2
490006299B,Ealing Road,51.55221,-0.30153,18,2
490005583W,Copland Avenue,51.55157,-0.30754,18,2
490004335F,Bridgewater Road,51.55237,-0.31282,18,2
490001282N,Sudbury & Harrow Road Station,51.554166,-0.314914,18,2
490015832E,Grosvenor Road,51.48552,-0.14347,24,1
490011003E,Grosvenor Road,51.48521,-0.1415,24,1
490005367N,Claverton Street / Churchill Gardens,51.48602,-0.13775,24,1
490011004N,Pimlico Academy & Library,51.4876,-0.13839,24,1
490012708F,St George's Square / Pimlico Station,51.48894,-0.13544,24,1
490003837N,Belgrave Road,51.49049,-0.13866,24,1
490014259N,Warwick Way,51.49354,-0.14165,24,1
490000248H,Victoria Station,51.49566,-0.14303,24,1
490014496N,Westminster Cathedral,51.49683,-0.14026,24,1
490003384SA,Westminster City Hall,51.49742,-0.13663,24,1
490010260SC,St James's Park Station,51.49773,-0.1347,24,1
490014495R,Westminster Abbey,51.49903,-0.13099,24,1
490015048A,Westminster Stn  / Parliament Square,51.50187,-0.12637,24,1
490008376N,Horse Guards Parade,51.50405,-0.12641,24,1
490013767C,Trafalgar Sq / Charing Cross Stn,51.50826,-0.12734,24,1
490000135A,Leicester Square Station,51.51059,-0.12853,24,1
490004695N,Cambridge Circus,51.51251,-0.12871,24,1
490004695A,Denmark Street,51.51434,-0.1298,24,1
490000235C,Tottenham Court Road Station,51.51767,-0.13154,24,1
490000089A,Goodge Street Station,51.52113,-0.13505,24,1
490000252X,Warren Street Station,51.52411,-0.13765,24,1
490000252S,Hampstead Road / Drummond Street,51.52594,-0.13868,24,1
490010158N,Robert Street,51.52737,-0.13874,24,1
490000152A,Mornington Crescent Station,51.53403,-0.13932,24,1
490004714J,Camden High Street,51.53651,-0.14057,24,1
490015041X,Camden Town Station,51.53843,-0.14234,24,1
490007876O,Hartland Road / Camden Market,51.54229,-0.14693,24,1
490006798CK,Ferdinand Street,51.54427,-0.14932,24,1
490011200N,Prince of Wales Road,51.54551,-0.15003,24,1
490012765N,Malden Road,51.54653,-0.15129,24,1
490011330N,Queen's Crescent,51.54853,-0.1527,24,1
490012651N,St Dominic's Priory,51.55075,-0.15628,24,1
490009616N,Mansfield Road,51.55234,-0.15774,24,1
490009017N,Lawn Road,51.55327,-0.16092,24,1
490011760W,Royal Free Hospital,51.55376,-0.16382,24,1
490012280A,South End Green,51.5547,-0.16496,24,2
490005756E,Cressy Road,51.55456,-0.1615,24,2
490009204E,Mansfield Road,51.55356,-0.15872,24,2
490012651S,St Dominic's Priory,51.55169,-0.15719,24,2
490011330S,Grafton Terrace,51.55032,-0.15397,24,2
490011330S2,Queen's Crescent,51.54876,-0.15268,24,2
490012765S,Prince of Wales Road,51.54642,-0.15099,24,2
490006798CL,Ferdinand Street,51.54395,-0.14908,24,2
490007927M,Hawley Road,51.54288,-0.14355,24,2
490004713D,Camden Gardens,51.54197,-0.14103,24,2
490000036S,Camden Town Station,51.5398,-0.14135,24,2
490011168S2,Pratt Street,51.53715,-0.13952,24,2
490000152C,Mornington Crescent Station,51.53344,-0.13862,24,2
490012158S,Silverdale,51.53074,-0.1386,24,2
490010158S,William Road,51.52707,-0.13852,24,2
490015042U,Warren Street Station  / Euston Road,51.52581,-0.13847,24,2
490002121ZT,Capper Street,51.52257,-0.13608,24,2
490005084Z,Goodge Street Station,51.52059,-0.13423,24,2
490002124ZZ,Stephen Street,51.51807,-0.13158,24,2
490000235GX,Tottenham Court Road Station,51.51539,-0.12995,24,2
490004695D,Cambridge Circus,51.51341,-0.12921,24,2
490000135B,Leicester Square Station,51.51162,-0.12834,24,2
490016161S,St Martin's Place,51.50985,-0.12787,24,2
490013767D,Trafalgar Square / Charing Cross Stn,51.50819,-0.12706,24,2
490014585N,Whitehall / Trafalgar Square,51.50631,-0.12705,24,2
490008376S,Horse Guards Parade,51.50432,-0.12609,24,2
490015048T,Westminster Stn  / Parliament Square,51.50248,-0.126,24,2
490010260SD,St James's Park Station,51.49758,-0.1348,24,2
490003384SB,Westminster City Hall,51.49715,-0.13745,24,2
490014496M,Westminster Cathedral / Victoria Stn,51.4966,-0.1411,24,2
490000248S,Victoria Station,51.496,-0.14227,24,2
490014259S,Warwick Way,51.49282,-0.14054,24,2
490003837S,Belgrave Road,51.49076,-0.13884,24,2
490012708G,St George's Square / Pimlico Station,51.489,-0.13516,24,2
490011004W,Pimlico Academy & Library,51.48828,-0.13734,24,2
490003179S,Alderney Street,51.48792,-0.13961,24,2
490014504W,Winchester Street,51.48759,-0.14229,24,2
490014504S,Westmoreland Terrace,51.48672,-0.14522,24,2
490007657V,Hainault Street,51.55932,0.07601,25,1
490008466Q1,Redbridge Central Library,51.55785,0.07405,25,1
490008465L,Ilford Broadway,51.5584,0.07067,25,1
490004985Y,Chapel Road,51.55736,0.06785,25,1
490006059W,Dersingham Avenue,51.55528,0.06203,25,1
490009219W,Little Ilford Lane,51.55447,0.05937,25,1
490009570W,Rabbits Road,51.55338,0.05531,25,1
490006856W,First Avenue,51.55196,0.05137,25,1
490008189W,High Street North,51.55112,0.04868,25,1
490001341G,Woodgrange Park Station,51.54918,0.04365,25,1
490012131W,Shrewsbury Road,51.54816,0.03951,25,1
490008603W,Katherine Road,51.54741,0.03517,25,1
490007497W,Green Street,51.54681,0.03029,25,1
490006917E,Woodgrange Road,51.54653,0.02685,25,1
490012414W,Sprowston Road,51.54615,0.02289,25,1
490006936W,Margery Park Road,51.54541,0.01933,25,1
490003468W,Atherton Leisure Centre,51.54397,0.01376,25,1
490014269W,Water Lane / University of East London,51.54287,0.0099,25,1
490015114E,Stratford Centre / Moorfields Eye Hosp,51.54126,0.00262,25,1
490012904T,Stratford Bus Station,51.54094,-0.00246,25,1
490004815S,Stratford High St / Carpenters Road,51.53735,-0.00257,25,1
490014249S,Warton Road,51.53584,-0.00458,25,1
490003025W,Abbey Lane,51.53378,-0.00718,25,1
490004215P,Bow Flyover,51.53031,-0.01208,25,1
490004206J,Bow Church,51.52841,-0.01722,25,1
490002019B,Bow Church Station,51.52794,-0.02047,25,1
490000029Z,Bow Road Station,51.52735,-0.02403,25,1
490012648K,Coborn Road,51.52606,-0.02956,25,1
490000146C,Mile End Station,51.52536,-0.03313,25,1
490007341W,Regents Canal,51.52433,-0.03669,25,1
490011315W,Queen Mary / University of London,51.52316,-0.0392,25,1
490010513W,Ocean Estate,51.52225,-0.04227,25,1
490000220W2,Stepney Green Station,51.5217,-0.04665,25,1
490015508W1,Stepney Green,51.52114,-0.04924,25,1
490004147W,Booth Memorial,51.52036,-0.05313,25,1
490012153F,Sidney Street,51.51994,-0.05537,25,1
490013541A,Whitechapel Stn  / Royal London Hosp,51.51891,-0.06043,25,1
490010258K,The East London Mosque,51.51785,-0.06504,25,1
490006827W,Pimlico Academy Library & Waes,51.51694,-0.06778,25,1
490000004W,Aldgate East Station,51.51465,-0.07321,25,1
490000003R,Aldgate Station,51.51408,-0.07493,25,1
490012755W,St Katharine Cree,51.51327,-0.07938,25,1
490012783W,St Mary Axe,51.51342,-0.0827,25,1
490000013E,Bank Station  / Cornhill,51.51327,-0.08775,25,1
490007596L,Poultry / Bank Station,51.51365,-0.09155,25,1
490015124Z,Bread Street,51.51419,-0.09505,25,1
490000225T,St Paul's Station,51.51525,-0.09851,25,1
490001067N,City Thameslink Station,51.51642,-0.10258,25,1
490005027N,Snow Hill,51.51801,-0.10544,25,1
490015096W,Holborn Circus,51.51802,-0.10679,25,1
490008275K,Holborn Circus,51.51758,-0.10638,25,2
490001067Q,City Thameslink Station,51.51689,-0.10373,25,2
490000225S,King Edward Street,51.51572,-0.09984,25,2
49000225SY,St Paul's Station,51.51443,-0.09563,25,2
490007596K,Bank Station  / Poultry,51.51374,-0.09146,25,2
490000013D,Bank Station  / Cornhill,51.51338,-0.0876,25,2
490015079E,Bishopsgate,51.51345,-0.08499,25,2
490012783E,St Mary Axe,51.51351,-0.08275,25,2
490012755E,St Katharine Cree,51.51333,-0.07887,25,2
490000003Y,Aldgate Station,51.514293,-0.074735,25,2
490000004E,Aldgate East Station ><,51.5155,-0.07143,25,2
490018832E,Altab Ali Park,51.5167,-0.06852,25,2
490010258J,The East London Mosque,51.51819,-0.06452,25,2
490009873D,Whitechapel Stn   / Royal London Hosp,51.51941,-0.05879,25,2
490004147G,Booth Memorial,51.52034,-0.05414,25,2
490015508E2,Stepney Green,51.52091,-0.05115,25,2
490000220E1,Stepney Green Station,51.52177,-0.04699,25,2
490010513E,Bancroft Road / Ocean Estate,51.52223,-0.04475,25,2
490011315E,Queen Mary / University of London,51.52281,-0.04085,25,2
490007341E,Regents Canal,51.52435,-0.03709,25,2
490000146D,Mile End Station,51.52537,-0.03392,25,2
490012648L,Coborn Road,51.52639,-0.0292,25,2
490000029Q,Bow Road Station,51.52712,-0.02587,25,2
490002019A,Bow Church Station,51.52806,-0.02075,25,2
490004215M,Bow Church,51.52895,-0.01688,25,2
490009695MA,Marshgate Lane,51.53128,-0.0112,25,2
490003025E,Warton Road,51.53465,-0.00655,25,2
490014215N,Stratford High St Stn  / Carpenters Rd,51.53689,-0.00366,25,2
490012904N,Stratford Bus Station,51.54144,-0.00238,25,2
490012904B,Stratford Bus Station,51.541,-0.00191,25,2
490015114G,Stratford Centre / Moorfields Eye Hosp,51.54079,0.0011,25,2
490013480E,Litchfield Avenue,51.54233,0.00499,25,2
490014269E,Water Lane / University of East London,51.54266,0.00861,25,2
490003468E,Atherton Leisure Centre,51.54446,0.01538,25,2
490009563E,Margery Park Road,51.54584,0.02063,25,2
490006917F,Woodgrange Road,51.54646,0.02441,25,2
490007497E,Green Street,51.5471,0.03191,25,2
490008603E,Katherine Road,51.54777,0.03658,25,2
490012131E,Shrewsbury Road,51.54835,0.0398,25,2
490001341H,Woodgrange Park Station,51.54919,0.04318,25,2
490008189E,High Street North,51.55042,0.04671,25,2
490006856E,First Avenue,51.5519,0.05072,25,2
490009570E,Rabbits Road,51.55257,0.05281,25,2
490012005E,Seventh Avenue,51.55363,0.05565,25,2
490009219E,Little Ilford Lane,51.55509,0.06024,25,2
490010328E,North Circular Road,51.55601,0.06383,25,2
490008467F,Ilford Station  / Ilford Hill,51.55816,0.06891,25,2
490004986P,Ilford / Chapel Road,51.55769,0.07024,25,2
490008466R,Redbridge Central Library,51.55815,0.07435,25,2
490007657S,Hainault Street,51.55959,0.07589,25,2
490010689OJ,Great Titchfield St / Oxford Circus Stn,51.51567,-0.13905,73,1
490000235V,Tottenham Court Road Station,51.51638,-0.13195,73,1
490000077D,Euston Station,51.52772,-0.13231,73,1
490015700C,British Library,51.52903,-0.12661,73,1
490000129E,King's Cross Station,51.5305,-0.12307,73,1
490001172K,King's Cross Road,51.53111,-0.11856,73,1
490005904E,Penton Rise,51.53131,-0.11577,73,1
490010928E,Penton Street,51.53164,-0.11175,73,1
490003650T,Baron Street / Chapel Market,51.53228,-0.10929,73,1
490014603U,White Lion Street,51.53285,-0.10717,73,1
490000007X,Angel Station,51.53396,-0.10558,73,1
490008515C,Islington Green,51.53622,-0.10243,73,1
490010709N,Packington Street,51.53761,-0.10031,73,1
490005816N2,Cross Street,51.53831,-0.09948,73,1
490001103N1,Essex Road Station,51.54005,-0.09694,73,1
490010326EE,Northchurch Road,51.54248,-0.09225,73,1
490010515N,Ockendon Road,51.54449,-0.08933,73,1
490003569N1,Newington Green Road / Balls Pond Road,51.54704,-0.08691,73,1
490003915N,Beresford Road,51.54966,-0.08716,73,1
490015396NK,Newington Green,51.55169,-0.08572,73,1
490005432S1,Clissold Crescent,51.5565,-0.08409,73,1
490003591N,Barbauld Road,51.55836,-0.08247,73,1
490003003N,Stoke Newington Town Hall,51.56062,-0.0835,73,1
490004202E,Abney Park,51.56226,-0.07828,73,1
490014699W,William Patten School,51.56208,-0.07458,73,1
490005312N,Stoke Newington High St / Garnham Street,51.56233,-0.07369,73,1
490010427D,Northwold Road / Stoke Newington Common,51.56297,-0.07187,73,1
490012837J,Stoke Newington Common,51.56205,-0.06855,73,1
490012837K,Stoke Newington Common,51.56086,-0.07032,73,2
490004452U,Stoke Newington High Street,51.56065,-0.07344,73,2
490014699V,William Patten School,51.56205,-0.07547,73,2
490004202W,Abney Park,51.56218,-0.07801,73,2
490012840W2,Stoke Newington Town Hall,51.56118,-0.08293,73,2
490004808S,Barbauld Road,51.55893,-0.08243,73,2
490005432S2,Clissold Crescent,51.55637,-0.08394,73,2
490019676NB,Green Lanes,51.55248,-0.08518,73,2
490015396S,Newington Green,51.55164,-0.08453,73,2
490003915S,Beresford Road,51.5498,-0.0869,73,2
490003569S2,Balls Pond Road,51.54721,-0.08663,73,2
490009688S,Essex Road / Marquess Road,51.54558,-0.08768,73,2
490010326S,Northchurch Road,51.54351,-0.09052,73,2
490001103S1,Essex Road Station,51.5409,-0.09529,73,2
490005816E,Cross Street,51.53821,-0.09938,73,2
490010709S,Packington Street,51.53684,-0.10108,73,2
490008515D,Islington Green,51.53576,-0.10317,73,2
490000007F,Angel Station,51.53374,-0.10546,73,2
490000007R,Pentonville Road / Baron Street,51.53178,-0.10776,73,2
490010928W,Penton Street / Chapel Market,51.53164,-0.11044,73,2
490005904W,Penton Rise,51.53121,-0.11531,73,2
490001172X,King's Cross / Caledonian Road,51.53084,-0.12052,73,2
490000129R,King's Cross Station,51.53047,-0.12169,73,2
490004722A,St Pancras International Station,51.52946,-0.12499,73,2
490009498W,British Library,51.52818,-0.12824,73,2
490000235YB,Tottenham Court Road Station,51.51609,-0.13407,73,2
490010689KB,Great Titchfield St / Oxford Circus Stn,51.51547,-0.13992,73,2
